﻿pos_x,pos_y,rotation,side,designator,mpn,pack,footprint,value,mount_type,place
128.4925,-50.55,0.0,top,A1,,,Arduino_UNO_R3,Arduino_UNO_R3,tht,True
175.0,-73.5,0.0,top,H1,,,MountingHole_3.2mm_M3,MountingHole,tht,False
175.0,-82.5,0.0,top,H2,,,MountingHole_3.2mm_M3,MountingHole,tht,False
183.0,-74.0,0.0,top,H3,,,MountingHole_3.2mm_M3,MountingHole,tht,False
183.0,-82.5,0.0,top,H4,,,MountingHole_3.2mm_M3,MountingHole,tht,False
106.5,-40.5,0.0,top,J1,,,TerminalBlock_MetzConnect_360271_1x01_Horizontal_ScrewM3.0_Boxed,Screw_Terminal_01x01,tht,True
175.0,-95.5,0.0,top,J10,,,TerminalBlock_MetzConnect_360271_1x01_Horizontal_ScrewM3.0_Boxed,Screw_Terminal_01x01,tht,True
160.0,-109.5,0.0,top,J11,,,TerminalBlock_MetzConnect_360271_1x01_Horizontal_ScrewM3.0_Boxed,Screw_Terminal_01x01,tht,True
117.0,-40.5,0.0,top,J2,,,TerminalBlock_MetzConnect_360271_1x01_Horizontal_ScrewM3.0_Boxed,Screw_Terminal_01x01,tht,True
176.0,-54.0,0.0,top,J3,,,TerminalBlock_MetzConnect_360271_1x01_Horizontal_ScrewM3.0_Boxed,Screw_Terminal_01x01,tht,True
176.0,-63.0,0.0,top,J4,,,TerminalBlock_MetzConnect_360271_1x01_Horizontal_ScrewM3.0_Boxed,Screw_Terminal_01x01,tht,True
127.5,-40.5,0.0,top,J5,,,TerminalBlock_MetzConnect_360271_1x01_Horizontal_ScrewM3.0_Boxed,Screw_Terminal_01x01,tht,True
138.0,-40.5,0.0,top,J6,,,TerminalBlock_MetzConnect_360271_1x01_Horizontal_ScrewM3.0_Boxed,Screw_Terminal_01x01,tht,True
160.0,-42.5,0.0,top,J7,,,TerminalBlock_MetzConnect_360271_1x01_Horizontal_ScrewM3.0_Boxed,Screw_Terminal_01x01,tht,True
171.5,-109.5,0.0,top,J8,,,TerminalBlock_MetzConnect_360271_1x01_Horizontal_ScrewM3.0_Boxed,Screw_Terminal_01x01,tht,True
148.5,-109.5,0.0,top,J9,,,TerminalBlock_MetzConnect_360271_1x01_Horizontal_ScrewM3.0_Boxed,Screw_Terminal_01x01,tht,True
121.0,-111.5,90.0,top,K1,,,Relay_DPDT_AXICOM_IMSeries_Pitch3.2mm,Relay_DPDT,tht,True
170.5,-43.0,90.0,top,U1,ACS712ELCTR-05B-T,SOIC-8 Allegro MicroSystems LLC,SOIC127P600X175-8N,CURRENT-ACS712ELCTR-05B-T_SOIC8-5X4MM_,smt,True
146.5,-42.5,0.0,top,U2,,,TO-220F-3_Vertical,L7805,tht,True
104.9,-110.0,0.0,top,U3,,Axial Cylinder Littelfuse,AMASS_XT60-F_1x02_P7.20mm_Vertical,XT60,tht,True
138.0625,-109.0,0.0,top,U5,,,QFN-20-1EP_4x4mm_P0.5mm_EP2.5x2.5mm,nRF24L01P,smt,True
