﻿Designator,Quantity,Value,Footprint,Package,MPN,DNP,Mount_Type,Description,MF,Description_1,Price,SnapEDA_Link,MP,Purchase-URL,Availability,Check_prices
A1,1,Arduino_UNO_R3,Arduino_UNO_R3,,,,tht,"Arduino UNO Microcontroller Module, release 3",,,,,,,,
"H1, H2, H3, H4",4,MountingHole,MountingHole_3.2mm_M3,,,,tht,Mounting Hole without connection,,,,,,,,
"J1, J10, J11, J2, J3, J4, J5, J6, J7, J8, J9",11,Screw_Terminal_01x01,TerminalBlock_MetzConnect_360271_1x01_Horizontal_ScrewM3.0_Boxed,,,,tht,"Generic screw terminal, single row, 01x01, script generated (kicad-library-utils/schlib/autogen/connector/)",,,,,,,,
K1,1,Relay_DPDT,Relay_DPDT_AXICOM_IMSeries_Pitch3.2mm,,,,tht,"Relay DPDT, monostable, EN50005",,,,,,,,
U1,1,CURRENT-ACS712ELCTR-05B-T_SOIC8-5X4MM_,SOIC127P600X175-8N,SOIC-8 Allegro MicroSystems LLC,ACS712ELCTR-05B-T,,smt,,Allegro MicroSystems LLC,"
Current Sensor 5A 1 Channel Hall Effect, Open Loop Bidirectional 8-SOIC (0.154, 3.90mm Width)
",None,https://www.snapeda.com/parts/ACS712ELCTR-05B-T/Allegro+MicroSystems+LLC/view-part/?ref=snap,ACS712ELCTR-05B-T,https://www.snapeda.com/api/url_track_click_mouser/?unipart_id=31798&manufacturer=Allegro MicroSystems LLC&part_name=ACS712ELCTR-05B-T&search_term=acs-712,In Stock,https://www.snapeda.com/parts/ACS712ELCTR-05B-T/Allegro+MicroSystems+LLC/view-part/?ref=eda
U2,1,L7805,TO-220F-3_Vertical,,,,tht,"Positive 1.5A 35V Linear Regulator, Fixed Output 5V, TO-220/TO-263/TO-252",,,,,,,,
U3,1,XT60,AMASS_XT60-F_1x02_P7.20mm_Vertical,Axial Cylinder Littelfuse,,,tht,,Littelfuse Inc.,"
Gas Discharge Tube 600 V - - 2 Pole Surface Mount
",None,https://www.snapeda.com/parts/XT60/Littelfuse/view-part/?ref=snap,XT60,,Not in stock,https://www.snapeda.com/parts/XT60/Littelfuse/view-part/?ref=eda
U5,1,nRF24L01P,QFN-20-1EP_4x4mm_P0.5mm_EP2.5x2.5mm,,,,smt,"nRF24L01+, Ultra low power 2.4GHz RF Transceiver, QFN20 4x4mm",,,,,,,,
